tconst	titleType	primaryTitle	originalTitle	isAdult	startYear	endYear	runtimeMinutes	genres
tt0000001	short	Carmencita	Carmencita	0	1894	\N	1	Documentary,Short
tt0000002	short	Le clown et ses chiens	Le clown et ses chiens	0	1892	\N	5	Animation,Short
tt0000003	short	Pauvre Pierrot	Pauvre Pierrot	0	1892	\N	4	Animation,Comedy,Romance
tt0000004	short	Un bon bock	Un bon bock	0	1892	\N	12	Animation,Short
tt0000005	short	Blacksmith Scene	Blacksmith Scene	0	1893	\N	1	Comedy,Short
tt0000006	short	Chinese Opium Den	Chinese Opium Den	0	1894	\N	1	Short
tt0000007	short	Corbett and Courtney Before the Kinetograph	Corbett and Courtney Before the Kinetograph	0	1894	\N	1	Short,Sport
tt0000008	short	Edison Kinetoscopic Record of a Sneeze	Edison Kinetoscopic Record of a Sneeze	0	1894	\N	1	Documentary,Short
tt0000009	short	Miss Jerry	Miss Jerry	0	1894	\N	40	Romance,Short
tt0000010	short	Leaving the Factory	La sortie de l'usine Lumière à Lyon	0	1895	\N	1	Documentary,Short
tt0000011	short	Akrobatisches Potpourri	Akrobatisches Potpourri	0	1895	\N	1	Documentary,Short
tt0000012	short	The Arrival of a Train	L'arrivée d'un train à La Ciotat	0	1896	\N	1	Documentary,Short
tt0000013	short	The Photographical Congress Arrives in Lyon	Le débarquement du congrès de photographie à Lyon	0	1895	\N	1	Documentary,Short
tt0000014	short	The Waterer Watered	L'arroseur arrosé	0	1895	\N	1	Comedy,Short
tt0000015	short	Autour d'une cabine	Autour d'une cabine	0	1894	\N	2	Animation,Short
tt0000016	short	Boat Leaving the Port	Barque sortant du port	0	1895	\N	1	Documentary,Short
tt0000017	short	Italienischer Bauerntanz	Italienischer Bauerntanz	0	1895	\N	1	Documentary,Short
tt0000018	short	Das boxende Känguruh	Das boxende Känguruh	0	1895	\N	1	Short
tt0000019	short	The Clown Barber	The Clown Barber	0	1898	\N	\N	Comedy,Short
tt0000020	short	The Derby 1895	The Derby 1895	0	1895	\N	1	Documentary,Short,Sport
tt0000022	short	Blacksmith Scene	Les forgerons	0	1895	\N	1	Documentary,Short
tt0000023	short	The Sea	Baignade en mer	0	1895	\N	1	Documentary,Short
tt0000024	short	Opening of the Kiel Canal	Opening of the Kiel Canal	0	1895	\N	\N	News,Short
tt0000025	short	The Oxford and Cambridge University Boat Race	The Oxford and Cambridge University Boat Race	0	1895	\N	\N	News,Short,Sport
tt0000026	short	The Messers. Lumière at Cards	Partie d'écarté	0	1896	\N	1	Documentary,Short
tt0000027	short	Cordeliers' Square in Lyon	Place des Cordeliers à Lyon	0	1895	\N	1	Documentary,Short
tt0000028	short	Fishing for Goldfish	La pêche aux poissons rouges	0	1895	\N	1	Documentary,Short
tt0000029	short	Baby's Meal	Repas de bébé	0	1895	\N	1	Documentary,Short
tt0000030	short	Rough Sea at Dover	Rough Sea at Dover	0	1895	\N	1	Documentary,Short
tt0000031	short	Jumping the Blanket	Le saut à la couverture	0	1895	\N	1	Documentary,Short
tt0000032	short	Die Serpentintänzerin	Die Serpentintänzerin	0	1895	\N	1	Short
tt0000033	short	Horse Trick Riders	La voltige	0	1895	\N	1	Comedy,Documentary,Short
tt0000034	short	Arrivée d'un train gare de Vincennes	Arrivée d'un train gare de Vincennes	0	1896	\N	1	Documentary,Short
tt0000035	short	Watering the Flowers	L'arroseur	0	1896	\N	1	Comedy,Short
tt0000036	short	Awakening of Rip	Awakening of Rip	0	1896	\N	0	Drama,Short
tt0000037	short	Sea Bathing	Baignade en mer	0	1896	\N	1	Short
tt0000038	short	The Ball Game	The Ball Game	0	1898	\N	\N	Documentary,Short,Sport
tt0000039	short	Barnet Horse Fair	Barnet Horse Fair	0	1896	\N	\N	Short
tt0000040	short	Barque sortant du port de Trouville	Barque sortant du port de Trouville	0	1896	\N	\N	Documentary,Short
tt0000041	short	Bataille de neige	Bataille de neige	0	1897	\N	1	Comedy,Documentary,Short
tt0000042	short	Bateau-mouche sur la Seine	Bateau-mouche sur la Seine	0	1896	\N	\N	Documentary,Short
tt0000043	short	Batteuse à vapeur	Batteuse à vapeur	0	1896	\N	\N	Documentary,Short
tt0000044	short	Le bivouac	Le bivouac	0	1896	\N	1	Short
tt0000045	short	Les blanchisseuses	Les blanchisseuses	0	1896	\N	\N	Short
tt0000046	short	Bois de Boulogne	Bois de Boulogne	0	1896	\N	\N	Documentary,Short
tt0000047	short	Boulevard des Italiens	Boulevard des Italiens	0	1896	\N	\N	Documentary,Short
tt0000048	short	The Boxing Kangaroo	The Boxing Kangaroo	0	1896	\N	\N	Short
tt0000049	short	Boxing Match; or, Glove Contest	Boxing Match; or, Glove Contest	0	1896	\N	\N	Short,Sport
tt0000050	short	Bébé et fillettes	Bébé et fillettes	0	1896	\N	\N	Documentary,Short
tt0000051	short	The Bohemian Encampment	Campement de bohémiens	0	1896	\N	\N	Documentary,Short
tt0000052	short	Carga de rurales	Carga de rurales	0	1896	\N	1	Documentary,Short
tt0000053	short	A Chegada do Comboio Inaugural à Estação Central do Porto	A Chegada do Comboio Inaugural à Estação Central do Porto	0	1897	\N	\N	Documentary,Short
tt0000054	short	A Merry-Go-Round	Les chevaux de bois	0	1896	\N	\N	Short
tt0000055	short	Le chiffonnier	Le chiffonnier	0	1896	\N	\N	Short
tt0000056	short	Uma Corrida de Touros no Campo Pequeno	Uma Corrida de Touros no Campo Pequeno	0	1896	\N	\N	Short
tt0000057	short	Cortège de tzar allant à Versailles	Cortège de tzar allant à Versailles	0	1896	\N	\N	Documentary,Short
tt0000058	short	Cortège de tzar au Bois de Boulogne	Cortège de tzar au Bois de Boulogne	0	1896	\N	\N	Documentary,Short
tt0000059	short	Coronation of a Village Maiden	Couronnement de la rosière	0	1896	\N	\N	Short
tt0000060	short	Dancing Darkies	Dancing Darkies	0	1896	\N	\N	Documentary,Short
tt0000061	short	Dancing Girls	Dancing Girls	0	1896	\N	\N	Short
tt0000062	short	Danse serpentine	Danse serpentine	0	1896	\N	1	Short
tt0000063	short	Dessinateur express	Dessinateur express	0	1896	\N	\N	Short
tt0000064	short	Dessinateur: Chamberlain	Dessinateur: Chamberlain	0	1896	\N	\N	Short
tt0000065	short	Dessinateur: Reine Victoria	Dessinateur: Reine Victoria	0	1896	\N	\N	Short
tt0000066	short	Dessinateur: Von Bismark	Dessinateur: Von Bismark	0	1896	\N	\N	Short
tt0000067	short	Conjurer Making Ten Hats in Sixty Seconds	Dix chapeaux en 60 secondes	0	1896	\N	\N	Fantasy,Short
tt0000068	short	Unloading the Boat	Déchargement de bateaux	0	1896	\N	\N	Documentary,Short
tt0000069	short	Post No Bills	Défense d'afficher	0	1896	\N	1	Short
tt0000070	short	Demolition of a Wall	Démolition d'un mur	0	1896	\N	1	Documentary,Short
tt0000071	short	Automobiles Starting a Race	Départ des automobiles	0	1896	\N	\N	Short,Sport
tt0000072	short	Officers of French Army Leaving Service	Départ des officiers	0	1896	\N	\N	Short
tt0000073	short	Effets de mer sur les rochers	Effets de mer sur les rochers	0	1896	\N	\N	Documentary,Short
tt0000074	short	Enfants jouant sur la plage	Enfants jouant sur la plage	0	1896	\N	\N	Documentary,Short
tt0000075	short	The Conjuring of a Woman at the House of Robert Houdin	Escamotage d'une dame au théâtre Robert Houdin	0	1896	\N	1	Horror,Short
tt0000076	short	Exit of Rip and the Dwarf	Exit of Rip and the Dwarf	0	1896	\N	1	Drama,Short
tt0000077	short	Le fakir, mystère indien	Le fakir, mystère indien	0	1896	\N	\N	Short
tt0000078	short	Feira de Gado na Corujeira	Feira de Gado na Corujeira	0	1896	\N	1	Documentary,Short
tt0000079	short	La gare Saint-Lazare	La gare Saint-Lazare	0	1896	\N	\N	Documentary,Short
tt0000080	short	Grandes manoeuvres	Grandes manoeuvres	0	1896	\N	\N	Documentary,Short
tt0000081	short	Towing a Boat on the River	Les haleurs de bateaux	0	1896	\N	\N	Documentary,Short
tt0000082	short	A Hard Wash	A Hard Wash	0	1896	\N	\N	Comedy,Short
tt0000083	short	Les indiscrets	Les indiscrets	0	1896	\N	\N	Short
tt0000084	short	Les ivrognes	Les ivrognes	0	1896	\N	\N	Short
tt0000085	short	Gardener Burning Weeds	Jardinier brûlant des herbes	0	1896	\N	\N	Short
tt0000086	short	Beach and Pier at Trouville, 1st part	Jetée et plage de Trouville (1er partie)	0	1896	\N	\N	Documentary,Short
tt0000087	short	Beach and Pier at Trouville, 2nd part	Jetée et plage de Trouville (2e partie)	0	1896	\N	\N	Documentary,Short
tt0000088	short	Market Day	Jour de marché à Trouville	0	1896	\N	\N	Documentary,Short
tt0000089	short	Leaving Jerusalem by Railway	Départ de Jérusalem en chemin de fer	0	1897	\N	1	Documentary,Short
tt0000090	short	Libération des territoriaux	Libération des territoriaux	0	1896	\N	\N	Documentary,Short
tt0000091	short	The House of the Devil	Le manoir du diable	0	1896	\N	3	Horror,Short
tt0000092	short	Marée montante sur Brise-Larmes	Marée montante sur Brise-Larmes	0	1896	\N	\N	Documentary,Short
tt0000093	short	Melbourne	Melbourne	0	1896	\N	\N	Documentary,Short
tt0000094	short	Miss de Vere	Miss de Vere	0	1896	\N	\N	Short
tt0000095	short	The Mysterious Paper	Le papier protée	0	1896	\N	\N	Short
tt0000096	short	Place Saint-Augustin	Place Saint-Augustin	0	1896	\N	\N	Documentary,Short
tt0000097	short	Place de l'Opéra, First View	Place de l'Opéra, 1er aspect	0	1896	\N	\N	Documentary,Short
tt0000098	short	Place de l'Opéra, Second View	Place de l'Opéra, 2e aspect	0	1896	\N	\N	Documentary,Short
tt0000099	short	Place de la Bastille	Place de la Bastille	0	1896	\N	\N	Documentary,Short
tt0000100	short	Place de la Concorde	Place de la Concorde	0	1896	\N	\N	Documentary,Short
tt0000101	short	Place du théâtre français	Place du théâtre français	0	1896	\N	\N	Documentary,Short
tt0000102	short	The Beach at Villiers in a Gale	Plage de Villiers par gros temps	0	1896	\N	\N	Short
tt0000103	short	Smarter than the Teacher	Plus fort que le maître	0	1896	\N	\N	Short
tt0000104	short	Pompiers à Lyon	Pompiers à Lyon	0	1896	\N	1	Documentary,Short
tt0000105	short	The Docks at Marseilles	Les quais à Marseille	0	1896	\N	\N	Documentary,Short
tt0000106	short	Retour au cantonnement	Retour au cantonnement	0	1896	\N	\N	Short
tt0000107	short	Naval Review at Cherburg	Revue navale à Cherbourg	0	1896	\N	\N	Documentary,Short
tt0000108	short	Rip Leaving Sleepy Hollow	Rip Leaving Sleepy Hollow	0	1896	\N	1	Drama,Short
tt0000109	short	Rip Meeting the Dwarf	Rip Meeting the Dwarf	0	1896	\N	1	Fantasy,Short
tt0000110	short	Rip Passing Over the Mountain	Rip Passing Over the Mountain	0	1896	\N	1	Fantasy,Short
tt0000111	short	Rip's Toast	Rip's Toast	0	1896	\N	1	Drama,Short
tt0000112	short	Rip's Toast to Hudson	Rip's Toast to Hudson	0	1896	\N	1	Fantasy,Short
tt0000113	short	Rip's Twenty Years' Sleep	Rip's Twenty Years' Sleep	0	1896	\N	0	Drama,Short
tt0000114	short	French Regiment Going to the Parade	Le régiment	0	1896	\N	\N	Documentary,Short
tt0000115	short	Réunion d'officiers	Réunion d'officiers	0	1896	\N	\N	Documentary,Short
tt0000116	short	Sac au dos	Sac au dos	0	1896	\N	\N	Short
tt0000117	short	Saída do Pessoal Operário da Fábrica Confiança	Saída do Pessoal Operário da Fábrica Confiança	0	1896	\N	1	Documentary,Short
tt0000118	short	Salut malencontreux d'un déserteur	Salut malencontreux d'un déserteur	0	1896	\N	\N	Short
tt0000119	short	Rescue on the River, Pt. 2	Sauvetage en rivière, 1er	0	1896	\N	\N	Documentary,Short
tt0000120	short	Rescue on the River, Pt. 1	Sauvetage en rivière, 2e	0	1896	\N	\N	Documentary,Short
tt0000121	short	The Soldier's Courtship	The Soldier's Courtship	0	1896	\N	1	Comedy,Short
tt0000122	short	Closing Hours at Vibert's Perfume Factory	Sortie des ateliers Vibert	0	1896	\N	\N	Documentary,Short
tt0000123	short	Conjuring	Séance de prestidigitation	0	1896	\N	\N	Short
tt0000124	short	Tempête sur la jetée du treport	Tempête sur la jetée du treport	0	1896	\N	\N	Documentary,Short
tt0000125	short	The Terrible Railway Accident	The Terrible Railway Accident	0	1896	\N	\N	Short
tt0000126	short	Tom Old Boot	Tom Old Boot	0	1896	\N	\N	Short
tt0000127	short	Les tribulations d'un concierge	Les tribulations d'un concierge	0	1896	\N	\N	Comedy,Short
tt0000128	short	Academy for Young Ladies	Un lycée de jeunes filles	0	1896	\N	\N	Short
tt0000129	short	Un petit diable	Un petit diable	0	1896	\N	\N	Short
tt0000130	short	Une altercation au café	Une altercation au café	0	1896	\N	\N	Short
tt0000131	short	A Terrible Night	Une nuit terrible	0	1896	\N	1	Comedy,Horror,Short
tt0000132	short	Card Party	Une partie de cartes	0	1896	\N	1	Biography,Short
tt9247918	tvSpecial	Telethon for America	Telethon for America	0	2018	\N	\N	\N
tt9247920	tvEpisode	Condomínio	Condomínio	0	2013	\N	\N	Comedy
tt9247922	tvEpisode	Mumbai Street Strikers	Mumbai Street Strikers	0	2018	\N	\N	Documentary,Family
tt9247924	tvEpisode	Episode dated 7 November 2018	Episode dated 7 November 2018	0	2018	\N	\N	Talk-Show
tt9247926	tvMovie	After the Storm	After the Storm	0	2019	\N	91	Romance
tt9247928	movie	Veronica's Wish	Veronica's Wish	0	2018	\N	\N	Drama
tt9247930	video	Hot Nights in Harlem	Hot Nights in Harlem	0	2018	\N	\N	Music,Short
tt9247932	tvEpisode	Where it began	Where it began	0	2017	\N	\N	Crime
tt9247946	tvEpisode	Ono kada si svjedok ubistva	Ono kada si svjedok ubistva	0	2018	\N	\N	Comedy
tt9247948	tvEpisode	Episode #1.3591	Episode #1.3591	0	1976	\N	30	Drama,Romance
tt9247958	short	Parasol	Parasol	0	2019	\N	6	Mystery,Short
tt9247962	tvEpisode	Ono kada ti zaprose kcerku	Ono kada ti zaprose kcerku	0	2018	\N	\N	Comedy
tt9247966	video	SitW-025	SitW-025	1	2018	\N	126	Adult
tt9247968	short	Hollow	Hollow	0	2008	\N	5	Short
tt9247970	tvEpisode	Episode #1.3592	Episode #1.3592	0	1976	\N	30	Drama,Romance
tt9247972	tvEpisode	Der Tunnel ist endlich fertig. Aber...	Der Tunnel ist endlich fertig. Aber...	0	2018	\N	\N	Comedy,History,War
tt9247974	tvMiniSeries	La Ruta de Gengis Kan	La Ruta de Gengis Kan	0	2012	2012	\N	Documentary
tt9247976	short	Dur-Alapon	Dur-Alapon	0	2018	\N	20	Drama,Short
tt9247978	tvEpisode	Allie's Rules	Allie's Rules	0	2019	\N	53	Drama,Mystery,Sci-Fi
tt9247980	short	My Shtetl's Calling	My Shtetl's Calling	0	2018	\N	\N	Music,Short
tt9247982	tvEpisode	Aflevering 1	Aflevering 1	0	2018	\N	\N	Crime,Reality-TV
tt9247986	movie	Even Odds	Even Odds	0	2016	\N	84	Comedy
tt9247988	tvEpisode	Großer Immobilienabverkauf	Großer Immobilienabverkauf	0	2018	\N	\N	Comedy,History,War
tt9247990	movie	L'Ultimo tango anale	L'Ultimo tango anale	1	1999	\N	75	Adult
tt9247992	tvSeries	Country's Family Reunion	Country's Family Reunion	0	2008	2020	\N	Music
tt9247994	tvEpisode	Monarch Migration/That Sinking Feeling	Monarch Migration/That Sinking Feeling	0	2018	\N	22	Adventure,Animation,Family
tt9247998	tvEpisode	Pitt of Despair	Pitt of Despair	1	2018	\N	\N	Adult
tt9248000	movie	Distancing Socially	Distancing Socially	0	2021	\N	97	Comedy,Drama,Romance
tt9248002	tvEpisode	November 7, 2018	November 7, 2018	0	2018	\N	\N	Talk-Show
tt9248004	tvEpisode	Obracun u Mokrom Lugu	Obracun u Mokrom Lugu	0	2018	\N	\N	Comedy,Drama,Romance
tt9248008	short	Salir	Salir	0	2016	\N	35	Documentary,Short
tt9248010	tvEpisode	Top Level Talent Agency	Top Level Talent Agency	1	2018	\N	\N	Adult
tt9248012	tvEpisode	Episode #1.3593	Episode #1.3593	0	1976	\N	30	Drama,Romance
tt9248014	tvEpisode	Thick Maid Takes Dick	Thick Maid Takes Dick	1	2018	\N	\N	Adult
tt9248016	tvSeries	The Lost Tapes: Tornado Super Outbreak	The Lost Tapes: Tornado Super Outbreak	0	2018	\N	\N	History
tt9248018	movie	ODTÜ Tarihi	ODTÜ Tarihi	0	2008	\N	105	Documentary
tt9248020	short	Starlets	Starlets	0	2018	\N	12	Short,Thriller
tt9248022	tvEpisode	Big Booty Maid Gets It In The Ass	Big Booty Maid Gets It In The Ass	1	2018	\N	\N	Adult
tt9248024	short	Let's Talk About Sex	Let's Talk About Sex	0	1992	\N	24	Drama,Short
tt9248026	tvEpisode	2nd Time is the Charm for a Creampie	2nd Time is the Charm for a Creampie	1	2018	\N	\N	Adult
tt9248028	tvEpisode	Barely Legal Hottie Pounded On The Bus	Barely Legal Hottie Pounded On The Bus	1	2018	\N	\N	Adult
tt9248030	tvEpisode	Du cap corse à Bonifacio, les gardiens d'une nature sauvage	Du cap corse à Bonifacio, les gardiens d'une nature sauvage	0	2018	\N	\N	Documentary
tt9248032	movie	Buttons, A New Musical Film	Buttons	0	2018	\N	115	Drama,Family,Fantasy
tt9248034	short	Refurbished	Refurbished	0	2018	\N	10	Drama,Short
tt9248036	tvEpisode	Two Burly Thugs Broke in to Rob Us in the Middle of the Night	Two Burly Thugs Broke in to Rob Us in the Middle of the Night	1	2018	\N	\N	Adult
tt9248038	tvEpisode	Sarah Brooke Cruelly Bound for Smoking Cessation	Sarah Brooke Cruelly Bound for Smoking Cessation	1	2018	\N	\N	Adult
tt9248040	tvEpisode	Brazilian Beauty Balltied	Brazilian Beauty Balltied	1	2018	\N	\N	Adult
tt9248042	tvSeries	World War II: Witness to War	World War II: Witness to War	0	2017	2017	\N	Documentary,War
tt9248044	tvEpisode	Face Fucked & Pussy Ravaged by Her Jilted Sugar Momma	Face Fucked & Pussy Ravaged by Her Jilted Sugar Momma	1	2018	\N	\N	Adult
tt9248046	short	I Lost My Phone	I Lost My Phone	0	\N	\N	\N	Comedy,Short
tt9248048	tvEpisode	Two Hogtied in a Burglary Gone Bad	Two Hogtied in a Burglary Gone Bad	1	2018	\N	\N	Adult
tt9248050	short	Purgatory	Purgatory	0	2019	\N	6	Short
tt9248052	movie	Lola	Lola	0	2020	\N	94	Drama
tt9248054	tvEpisode	Pretty Secretary Reagan Isn't Safe in Her Own Home	Pretty Secretary Reagan Isn't Safe in Her Own Home	1	2018	\N	\N	Adult
tt9248058	short	Abgesoffen	Abgesoffen	0	2007	\N	18	Short
tt9248060	tvEpisode	Episode #2.20	Episode #2.20	0	1977	\N	\N	Comedy,Family,Game-Show
tt9248062	tvEpisode	Episode #2.21	Episode #2.21	0	1977	\N	\N	Comedy,Family,Game-Show
tt9248064	tvEpisode	Episode dated 3 October 2018	Episode dated 3 October 2018	0	2018	\N	\N	Talk-Show
tt9248066	tvEpisode	Episode dated 22 October 2018	Episode dated 22 October 2018	0	2018	\N	\N	Talk-Show
tt9248068	tvEpisode	Episode dated 5 November 2018	Episode dated 5 November 2018	0	2018	\N	\N	Talk-Show
tt9248070	tvEpisode	Episode dated 4 September 2018	Episode dated 4 September 2018	0	2018	\N	\N	Sport,Talk-Show
tt9248072	tvEpisode	Episode dated 11 September 2018	Episode dated 11 September 2018	0	2018	\N	\N	Sport,Talk-Show
tt9248074	tvEpisode	Episode dated 27 September 2018	Episode dated 27 September 2018	0	2018	\N	\N	Sport,Talk-Show
tt9248076	tvEpisode	The Stop-Motion Spectacular	The Stop-Motion Spectacular	0	1998	\N	\N	Comedy
tt9248078	tvEpisode	Episode dated 3 October 2018	Episode dated 3 October 2018	0	2018	\N	\N	Sport,Talk-Show
tt9248080	tvEpisode	Episode dated 12 October 2018	Episode dated 12 October 2018	0	2018	\N	\N	Sport,Talk-Show
tt9248082	tvEpisode	Episode dated 16 October 2018	Episode dated 16 October 2018	0	2018	\N	\N	Sport,Talk-Show
tt9248084	tvEpisode	Episode #2.22	Episode #2.22	0	1977	\N	\N	Comedy,Family,Game-Show
tt9248086	tvEpisode	Episode dated 10 October 2018	Episode dated 10 October 2018	0	2018	\N	\N	Sport,Talk-Show
tt9248088	tvEpisode	Episode dated 11 October 2018	Episode dated 11 October 2018	0	2018	\N	\N	Sport,Talk-Show
tt9248090	tvEpisode	El Gnomo	El Gnomo	0	2018	\N	26	Comedy
tt9248092	tvEpisode	Episode #2.23	Episode #2.23	0	1977	\N	\N	Comedy,Family,Game-Show
tt9248094	tvEpisode	Episode dated 27 September 2018	Episode dated 27 September 2018	0	2018	\N	\N	Sport,Talk-Show
tt9248096	tvEpisode	Episode dated 5 October 2018	Episode dated 5 October 2018	0	2018	\N	\N	Sport,Talk-Show
tt9248098	tvEpisode	Episode dated 10 October 2018	Episode dated 10 October 2018	0	2018	\N	\N	Sport,Talk-Show
tt9248100	tvEpisode	Episode dated 24 October 2018	Episode dated 24 October 2018	0	2018	\N	\N	Sport,Talk-Show
tt9248104	tvMiniSeries	Secrets of the Lost	Secrets of the Lost	0	2018	2019	\N	Documentary
tt9248106	tvEpisode	Episode #2.24	Episode #2.24	0	1977	\N	\N	Comedy,Family,Game-Show
tt9248108	tvEpisode	Be Your Own Boss	Be Your Own Boss	0	2018	\N	\N	Comedy
tt9248110	movie	Blood and Money	Allagash	0	2020	\N	89	Drama,Thriller
tt9248112	tvEpisode	Episode #2.211	Episode #2.211	0	2018	\N	\N	Comedy,News
tt9248114	tvEpisode	Episode #2.25	Episode #2.25	0	1977	\N	\N	Comedy,Family,Game-Show
tt9248116	tvEpisode	Fantastic Beasts and Where to Find Them	Fantastic Beasts and Where to Find Them	0	2018	\N	\N	Comedy
tt9248118	movie	Killing the Dead	Matar a un Muerto	0	2019	\N	87	Thriller
tt9248120	tvEpisode	Episode #2.26	Episode #2.26	0	1977	\N	\N	Comedy,Family,Game-Show
tt9248122	tvEpisode	Musical Tour of Europe	Musical Tour of Europe	0	1974	\N	\N	Family,Music
tt9248124	tvEpisode	Jeopardy - Part 1: Some Hard AI	Jeopardy - Part 1: Some Hard AI	0	2018	\N	\N	Comedy
tt9248126	tvEpisode	Episode #2.27	Episode #2.27	0	1977	\N	\N	Comedy,Family,Game-Show
tt9248128	tvEpisode	Episode #2.28	Episode #2.28	0	1977	\N	\N	Comedy,Family,Game-Show
tt9248130	short	Triumph of the Kill	Triumph of the Kill	0	2009	\N	\N	Horror,Short
tt9248132	tvEpisode	Grant Morrison on The Green Lantern. Plus, Echo Kellum and Nafessa Williams join us	Grant Morrison on The Green Lantern. Plus, Echo Kellum and Nafessa Williams join us	0	2018	\N	\N	News
tt9248136	short	Hard Impact	Hard Impact	0	2009	\N	16	Action,Short
tt9248138	tvEpisode	Episode #2.29	Episode #2.29	0	1977	\N	\N	Comedy,Family,Game-Show
tt9248140	short	Street Agents	Street Agents	0	2019	\N	\N	Drama,Short
tt9248142	tvEpisode	Episode #2.30	Episode #2.30	0	1977	\N	\N	Comedy,Family,Game-Show
tt9248144	short	Real Drifters Love the Sauce	Real Drifters Love the Sauce	0	2019	\N	9	Documentary,Short
tt9248146	short	Vajra	Vajra	0	\N	\N	22	Action,Fantasy,Horror
tt9248148	tvSeries	Life's Wonders	Life's Wonders	0	2019	\N	45	Talk-Show
tt9248150	short	The Specialists	The Specialists	0	2019	\N	\N	Drama,Short
tt9248152	movie	Blue Monet	Blue Monet	0	2006	\N	53	\N
tt9248156	tvEpisode	Tribute to Glenn Miller	Tribute to Glenn Miller	0	1974	\N	\N	Family,Music
tt9248158	tvEpisode	Piratages de notes universitaires	Piratages de notes universitaires	0	2018	\N	\N	Drama
tt9248160	tvSeries	Your Financial Questions Answered	Your Financial Questions Answered	0	2018	2019	\N	Short
tt9248162	tvSeries	Undertow	Undertow	0	2019	\N	40	Drama,Horror
tt9248164	tvEpisode	Épisode 329	Épisode 329	0	2018	\N	29	Crime,Thriller
tt9248166	movie	The Dreams That Cried Death 2	The Dreams That Cried Death 2	0	\N	\N	\N	Horror
tt9248170	tvEpisode	DIY Locker Hacks	DIY Locker Hacks	0	2017	\N	\N	Comedy
tt9248172	short	Mad Management	Mad Management	0	2019	\N	\N	Comedy,Short
tt9248174	tvEpisode	School Style	School Style	0	2017	\N	\N	Comedy
tt9248176	tvEpisode	iPhone Hacks	iPhone Hacks	0	2017	\N	\N	Comedy
tt9248182	short	For the Defense	For the Defense	0	2019	\N	\N	Drama,Short
tt9248184	video	Faceless	Faceless	0	1988	\N	6	Music,Short
tt9248186	tvEpisode	Rainy Day Hacks	Rainy Day Hacks	0	2017	\N	\N	Comedy
tt9248188	movie	Costumes Required	Costumes Required	0	\N	\N	\N	Comedy
tt9248192	short	New Age Family	New Age Family	0	2019	\N	\N	Comedy,Short
tt9248194	video	Swell Investing: Do you know what you're invested in?	Swell Investing: Do you know what you're invested in?	0	2018	\N	\N	Short
tt9248196	tvEpisode	Best Slimes Ever!	Best Slimes Ever!	0	2017	\N	\N	Comedy
tt9248198	tvEpisode	Épisode 53	Épisode 53	0	2018	\N	21	Comedy,Crime,Drama
tt9248200	tvEpisode	Episode dated 10 October 1973	Episode dated 10 October 1973	0	1973	\N	\N	Drama
tt9248202	tvEpisode	DIY Fall Room Decor	DIY Fall Room Decor	0	2017	\N	\N	Comedy
tt9248204	tvEpisode	Episode dated 17 October 1973	Episode dated 17 October 1973	0	1973	\N	\N	Drama
tt9248206	tvEpisode	Episode dated 7 November 1973	Episode dated 7 November 1973	0	1973	\N	\N	Drama
tt9248208	tvEpisode	Episode dated 31 October 1973	Episode dated 31 October 1973	0	1973	\N	\N	Drama
tt9248210	tvEpisode	Episode dated 24 October 1973	Episode dated 24 October 1973	0	1973	\N	\N	Drama
tt9248212	tvEpisode	Episode dated 21 November 1973	Episode dated 21 November 1973	0	1973	\N	\N	Drama
tt9248214	tvEpisode	Episode dated 14 November 1973	Episode dated 14 November 1973	0	1973	\N	\N	Drama
tt9248216	tvEpisode	Episode dated 28 November 1973	Episode dated 28 November 1973	0	1973	\N	\N	Drama
tt9248218	tvEpisode	Episode dated 5 December 1973	Episode dated 5 December 1973	0	1973	\N	\N	Drama
tt9248220	tvEpisode	Episode dated 12 December 1973	Episode dated 12 December 1973	0	1973	\N	\N	Drama
tt9248222	tvEpisode	Halloween Pranks	Halloween Pranks	0	2017	\N	\N	Comedy
tt9248224	short	Squared Off	Squared Off	0	2017	\N	6	Comedy,Short
tt9248226	tvEpisode	DIY Halloween Decorations	DIY Halloween Decorations	0	2017	\N	\N	Comedy
tt9248228	tvEpisode	The Holocaust	The Holocaust	0	1992	\N	\N	Drama,Talk-Show
tt9248230	tvEpisode	Best Halloween Costumes	Best Halloween Costumes	0	2017	\N	\N	Comedy
tt9248232	tvEpisode	Halloween Candy	Halloween Candy	0	2017	\N	\N	Comedy
tt9248234	tvEpisode	DIY Shoes	DIY Shoes	0	2017	\N	\N	Comedy
tt9248236	tvEpisode	Waffle Iron Hacks	Waffle Iron Hacks	0	2017	\N	\N	Comedy
tt9248238	tvEpisode	All Shook Up	All Shook Up	0	2019	\N	\N	Comedy,Sport
tt9248240	tvEpisode	Thanksgiving Food Pranks	Thanksgiving Food Pranks	0	2017	\N	\N	Comedy
tt9248244	tvEpisode	DIY Gifts for Friends	DIY Gifts for Friends	0	2017	\N	\N	Comedy
tt9248246	tvEpisode	Halloween 2018	Halloween 2018	0	2018	\N	\N	Talk-Show
tt9248248	tvEpisode	Star Wars Crafts	Star Wars Crafts	0	2017	\N	\N	Comedy